after_wk,frozen,retrained,majority,persistence,KS_score,KS_price
1-4,0.8378,0.8378,0.6079,0.8615,0.1419,0.2204
5-8,0.6295,0.6481,0.5067,0.8712,0.4309,0.5047
9-12,0.7024,0.7321,0.6570,0.8161,0.6691,0.7124
13-16,0.6726,0.7500,0.6161,0.8332,0.6651,0.7205
17-20,0.6667,0.7039,0.6109,0.8645,0.7363,0.7992
21-24,0.7016,0.7106,0.5915,0.8615,0.5654,0.6667
25-28,0.6629,0.7307,0.5871,0.8838,0.5211,0.5864
29-32,0.6250,0.6600,0.5841,0.9047,0.5616,0.6040
33-36,0.6235,0.6987,0.6057,0.8898,0.7791,0.8793
37-40,0.6510,0.7098,0.6317,0.8719,0.7780,0.8845
41-44,0.6071,0.7061,0.5818,0.8563,0.7812,0.8971
45-48,0.5484,0.6927,0.5439,0.8652,0.7809,0.8780
49-52,0.6138,0.6868,0.5982,0.8771,0.8090,0.9227
53-56,0.8289,0.7165,0.6957,0.8392,0.5175,0.6122
57-60,0.7530,0.7225,0.6481,0.8570,0.4893,0.6005
61-64,0.8095,0.6228,0.5632,0.8600,0.0835,0.1410
65-68,0.8103,0.7515,0.5327,0.8466,0.1849,0.2238
69-72,0.8490,0.7969,0.5446,0.8273,0.1525,0.1686
73-76,0.8452,0.7917,0.5394,0.8637,0.1890,0.2058
77-80,0.7887,0.7180,0.6138,0.8317,0.3254,0.3993
